{"KEN_CXR_AGE_0":[0.0590546,0.0030982,0.0255042,0.0228738,0.0001812,0.0247448,7.78e-005,0.0002072,0.0009592,0.004199,0.0047666,0.0008028,0.0008674,2.6e-005,0.002198,0.1355554,0.0091186,0.001048,0.0017238,5.18e-005,0.0055918,0.0158678,0.0032704,0.0332968,0.5364916,0.0026356,0.0920206,0.0044302,0.0022728,0.0060304,0.0004008,0.000802],"KEN_CXR_AGE_1":[0.0007804,0.0245148,0.0568636,0.000156,0.002591,0.0005616,0.000125,0.000312,0.0011234,0.000156,0.0073878,0.0009362,0.0027946,6.24e-005,0.0012482,0.0964364,0.0136354,0.0028098,0.0491636,0.012182,0.0084816,0.0057462,0.0811556,0.3182946,0.2319498,0.0037012,0.041227,0.0118882,0.0032486,0.0156374,0.0017028,0.0030766],"GAM_CXR_AGE_0":[0.0426644,0.0018846,0.0008112,0.0493436,0.000417,0.0175202,0.0020292,0.0006872,0.0002136,0.0001576,0.0268986,0.0008444,0.0031576,3.36e-005,0.011945,0.0841866,0.0266378,4.48e-005,0.2323498,0.0058822,0.0539582,0.001771,0.004613,0.0041298,0.3685138,0.001623,0.0131944,0.0040284,0.0009588,0.0032054,0.0004502,0.0355674],"GAM_CXR_AGE_1":[0.0627152,0.0040922,0.0917582,0.0601076,0.0312488,0.0004912,0.0001274,0.0001092,0.0003094,0.0001274,0.0064396,0.0004914,0.0017646,0.0003456,0.0251478,0.0143308,0.0174946,0.002456,0.263834,0.000273,0.0072208,0.001419,0.0044386,0.0729464,0.0512946,0.0719534,0.0787288,0.0230212,0.0123462,0.022948,0.0674098,0.002674],"MAL_CXR_AGE_0":[0.0804178,0.0011772,0.019206,0.0395972,0.0003672,0.061691,0.0008702,0.001177,8.58e-005,0.01316,0.0037638,0.0126108,0.0029796,6.12e-005,0.003176,0.1301846,0.0033734,0.0010282,0.0077288,0.0040846,0.1345908,4.88e-005,0.0020346,0.0035926,0.3244162,0.002759,0.1337276,0.004121,0.0013978,0.0055066,0.0005148,0.0004902],"MAL_CXR_AGE_1":[0.1161784,0.0057994,0.141777,0.0637534,0.0560576,0.0029328,0.0002442,0.0006216,0.0042854,0.000111,0.0089088,0.0029976,0.0187528,0.0015766,0.09142,0.112091,0.0035094,0.000422,0.000333,4.44e-005,0.0096426,0.0017546,0.012486,0.0292428,0.076887,0.0048428,0.0656176,0.0167538,0.0024658,0.0159542,0.001488,0.1309946],"ZAM_CXR_AGE_0":[0.0444446,0.0009846,0.0380112,6.02e-005,0.0212194,0.060032,0.0206404,7.04e-005,0.0001406,0.0783508,0.0084452,0.0066338,0.0012764,0.0002812,0.0163456,0.1072962,0.0025136,0.0007432,0.0050416,0.0001304,0.0043332,0.0042636,0.001287,0.0084742,0.2284078,0.0779412,0.095846,0.005156,0.0745534,0.0041704,0.0003514,0.0827048],"ZAM_CXR_AGE_1":[0.0412374,0.0040928,0.1639806,9.12e-005,0.0470874,0.0042752,0.0002124,0.0001824,0.0040652,0.0003946,0.0259156,0.0035192,0.0040646,0.000425,0.0093388,0.0842858,0.1007666,0.000516,0.0002428,0.0002126,0.0223718,0.0024266,0.016796,0.039493,0.3080906,0.0062474,0.0631938,0.0180958,0.0031836,0.0201262,0.0022744,0.0029714],"SAF_CXR_AGE_0":[0.0630704,0.0008492,9.34e-005,0.00645,6.24e-005,0.0576728,0.0199744,0.0002594,4.68e-005,0.086183,0.034191,0.0016884,0.0005344,0.0004406,0.0088348,0.0575796,0.0012008,0.0042762,0.0020546,4.68e-005,0.0916344,0.000543,0.0008092,0.0151442,0.419684,0.0364072,0.039582,0.0023538,0.001174,0.0030772,0.000233,0.0439016],"SAF_CXR_AGE_1":[0.0702054,0.0055928,0.0007738,0.0003036,0.0256386,0.2295864,0.0001064,0.0002732,6.08e-005,3.04e-005,0.0264136,0.0183094,0.0063208,6.08e-005,0.0421248,0.0207616,0.030093,0.0048104,0.0594756,0.0003034,0.0281716,0.0022452,0.0028806,0.1185614,0.1300634,0.00517,0.0653664,0.0090186,0.0054254,0.0202458,0.0014858,0.0702208],"THA_CXR_AGE_0":[0.007682,0.0053146,5.26e-005,0.0001052,0.0931948,0.0042092,0.0004734,0.0006842,0.0003156,0.0003156,0.0091026,0.0063664,0.0094696,0.0004734,0.0072082,0.0354114,0.000526,5.26e-005,0.0002104,0.0001052,0.0017884,0.0064186,0.009524,0.0337334,0.430372,0.0171024,0.1997868,0.0496816,0.018105,0.0414186,0.004736,0.005999],"THA_CXR_AGE_1":[0.0005904,0.1153528,0.0004592,0.000164,0.0002952,0.0012136,0.0001312,0.0001968,0.046565,0.000164,0.0113794,0.00082,0.0039032,0.0001312,0.0266906,0.016891,0.0087904,6.56e-005,0.0043624,0.0001968,0.0048872,0.0001968,0.0176438,0.0295124,0.429148,0.0066248,0.0522336,0.0150514,0.0027546,0.1983302,0.0022302,0.0030824],"BAN_CXR_AGE_0":[0.00062,0.00218,0.00044,0.0002,0.00014,0.001,0.00012,0.00018,0.0012,0.00032,0.00368,0.00744,0.00236,0.00018,0.02488,0.13974,0.00092,0.00188,0.00716,0.00328,0.0048,0.00172,0.00568,0.22856,0.50426,0.00496,0.02754,0.01116,0.00276,0.00736,0.0016,0.00168],"BAN_CXR_AGE_1":[0.0003192,0.0044702,0.0005712,0.0016632,0.0234202,0.0002352,0.0001512,3.36e-005,0.0004368,5.04e-005,0.001512,0.0003528,0.0021,0.0001008,0.0169034,0.052503,0.0010248,0.0002856,0.0268472,3.36e-005,0.0021336,0.0052752,0.0973694,0.3990898,0.1752138,0.046745,0.0380292,0.009023,0.0041334,0.0128722,0.0014954,0.0755358],"pathogen":["HINF","MCAT","PNEU_VT13","PNEU_NOVT13","SASP","SAUR","BOPE","C_PNEU","M_PNEU","PCP","ADENO","CMV","COR","FLU_C","HBOV","HMPV_A_B","FLU_A","FLU_B","PARA_1","PARA_2","PARA_3","PARA_4","PV_EV","RHINO","RSV","ENTRB","NFGNR","FUNGI","HAEMO","OTHSTR","NMEN","TB"],"abbrev":["HINF","MCAT","PNEU_VT13","PNEU_NOVT13","SASP","SAUR","BOPE","C_PNEU","M_PNEU","PCP","ADENO","CMV","COR","FLU_C","HBOV","HMPV_A_B","FLU_A","FLU_B","PARA_1","PARA_2","PARA_3","PARA_4","PV_EV","RHINO","RSV","ENTRB","NFGNR","FUNGI","HAEMO","OTHSTR","NMEN","TB"],"rank":[14,15,16,17,12,13,10,9,11,3,29,28,20,18,21,30,25,22,24,19,27,23,26,31,32,8,7,2,5,6,4,1],"rawlist":["KEN_CXR_AGE_0","KEN_CXR_AGE_1","GAM_CXR_AGE_0","GAM_CXR_AGE_1","MAL_CXR_AGE_0","MAL_CXR_AGE_1","ZAM_CXR_AGE_0","ZAM_CXR_AGE_1","SAF_CXR_AGE_0","SAF_CXR_AGE_1","THA_CXR_AGE_0","THA_CXR_AGE_1","BAN_CXR_AGE_0","BAN_CXR_AGE_1","pathogen","abbrev","rank","rawlist"]}